Index,TimeUtc,Open,High,Low,Close
0,2026-04-01 22:30:39,24000,24000.3507975443968540,23987.461113020526760,23991.334938696275900
1,2026-04-01 22:31:39,23991.334938696275900,23995.5451768639242140,23987.198397241159525,23991.5577240714606440
2,2026-04-01 22:32:39,23991.5577240714606440,23995.2383771889090390,23983.5758181538320140,23984.8768999776229640
3,2026-04-01 22:33:39,23984.8768999776229640,23986.1483656108138850,23982.9411977613070890,23984.9969969992511800
4,2026-04-01 22:34:39,23984.9969969992511800,23985.1010514237457105,23978.6424412897985600,23979.3166093012861000
5,2026-04-01 22:35:39,23979.3166093012861000,23985.1086993120185550,23974.8814114718145700,23984.1332439724976400
6,2026-04-01 22:36:39,23984.1332439724976400,23993.1495815623316850,23983.6147326713496500,23991.3552562433086600
7,2026-04-01 22:37:39,23991.3552562433086600,23993.7406923592745760,23987.8177288374014800,23991.9469172749421160
8,2026-04-01 22:38:39,23991.9469172749421160,23996.6591555260397300,23988.2844341165779310,23993.5564139129391000
9,2026-04-01 22:39:39,23993.5564139129391000,24000.4953240163136750,23992.3301277134242100,23998.5140687127197400
10,2026-04-01 22:40:39,23998.5140687127197400,24003.2937011277739400,23995.9263807795598950,24002.2409701590617000
11,2026-04-01 22:41:39,24002.2409701590617000,24003.5049974236194900,23998.0948952157492220,24001.9487894614919920
12,2026-04-01 22:42:39,24001.9487894614919920,24004.3683500328885120,23989.7605787309634320,23992.0003682477401320
13,2026-04-01 22:43:39,23992.0003682477401320,23995.5582552009998970,23989.4733381501740360,23991.7295767794035160
14,2026-04-01 22:44:39,23991.7295767794035160,23993.1447793488133510,23983.9524169820139060,23987.1286239182243960
15,2026-04-01 22:45:39,23987.1286239182243960,23988.9762918995582710,23978.7607934576276410,23983.0241968403682760
16,2026-04-01 22:46:39,23983.0241968403682760,23987.2851996297413210,23973.3157352420108810,23976.5375081200792760
17,2026-04-01 22:47:39,23976.5375081200792760,23981.0617805882644510,23974.0540239047510460,23978.8541764108716160
18,2026-04-01 22:48:39,23978.8541764108716160,23981.5399958270322260,23965.8992246496021610,23969.4562471096665560
19,2026-04-01 22:49:39,23969.4562471096665560,23974.1095692939634960,23959.9167290096714560,23960.8014401890343960
20,2026-04-01 22:50:39,23960.8014401890343960,23962.8918204656298160,23950.9982755621886960,23952.6976733760431560
21,2026-04-01 22:51:39,23952.6976733760431560,23956.7959722698647210,23942.8982182302969310,23942.9968558731473960
22,2026-04-01 22:52:39,23942.9968558731473960,23954.0418612556726710,23939.1568287132106560,23950.3889130057715160
23,2026-04-01 22:53:39,23950.3889130057715160,23954.0801769770123660,23944.1141133006261960,23947.6700080687505960
24,2026-04-01 22:54:39,23947.6700080687505960,23949.5432090035375060,23943.2152029537666380,23946.4516413195298980
25,2026-04-01 22:55:39,23946.4516413195298980,23950.7988854804070780,23946.0730688046072735,23949.5007320072039380
26,2026-04-01 22:56:39,23949.5007320072039380,23950.9292129361672130,23939.6909402542239480,23940.9460138859906980
27,2026-04-01 22:57:39,23940.9460138859906980,23951.4034188685023130,23938.2257613717698080,23948.5423329884848980
28,2026-04-01 22:58:39,23948.5423329884848980,23950.9129445631582810,23944.6972061971654930,23950.5603862742708780
29,2026-04-01 22:59:39,23950.5603862742708780,23952.8368234251797180,23937.3989932972001580,23940.9772011455973380
30,2026-04-01 23:00:39,23940.9772011455973380,23945.6537975723174180,23929.3984499012112580,23932.1646882883108380
31,2026-04-01 23:01:39,23932.1646882883108380,23934.1229321244744930,23926.1174949613015330,23927.5850016379658780
32,2026-04-01 23:02:39,23927.5850016379658780,23928.8599677983950380,23917.4954612238776880,23919.8123648994659580
33,2026-04-01 23:03:39,23919.8123648994659580,23924.2485210202859980,23916.6176451680332380,23922.1226420729060580
34,2026-04-01 23:04:39,23922.1226420729060580,23926.1806961270890380,23913.2464081459894630,23913.8161469641216580
35,2026-04-01 23:05:39,23913.8161469641216580,23923.3634181639008980,23913.4817437215157320,23922.4796594038976380
36,2026-04-01 23:06:39,23922.4796594038976380,23931.3560878049377430,23921.0919934609401680,23929.4678428021575180
37,2026-04-01 23:07:39,23929.4678428021575180,23937.1566203828698680,23926.2430015468238530,23932.1816425827245980
38,2026-04-01 23:08:39,23932.1816425827245980,23941.7751712942379980,23927.9523481861465930,23940.7001927731093580
39,2026-04-01 23:09:39,23940.7001927731093580,23948.6870562744731880,23936.9544521681751980,23946.6167739716436180
40,2026-04-01 23:10:39,23946.6167739716436180,23950.8605845369680280,23940.2543062787755430,23941.6308173777678580
41,2026-04-01 23:11:39,23941.6308173777678580,23943.1542193578342530,23928.6634270794053280,23932.6780946239260980
42,2026-04-01 23:12:39,23932.6780946239260980,23933.5184245992071630,23920.9217630494021280,23925.8367201480253780
43,2026-04-01 23:13:39,23925.8367201480253780,23928.5421520045688680,23922.88925959164703625,23922.9124469044210180
44,2026-04-01 23:14:39,23922.9124469044210180,23927.4428734380951030,23918.6098449228376880,23925.1591222617584380
45,2026-04-01 23:15:39,23925.1591222617584380,23931.3762414159142080,23921.3560904359240030,23927.4005378630945580
46,2026-04-01 23:16:39,23927.4005378630945580,23930.7391730745970580,23921.5337931185651980,23926.0025926474493380
47,2026-04-01 23:17:39,23926.0025926474493380,23930.9026447105698830,23925.6144004993207240,23930.0454868423032380
48,2026-04-01 23:18:39,23930.0454868423032380,23932.1639086828398430,23924.1060358374872720,23928.8076544640620820
49,2026-04-01 23:19:39,23928.8076544640620820,23938.6986837809432920,23927.9243891490270670,23936.9732429911257220
50,2026-04-01 23:20:39,23936.9732429911257220,23938.5509385068671720,23931.7214082538714940,23935.9260921114710840
51,2026-04-01 23:21:39,23935.9260921114710840,23942.0348028359164690,23933.0440237294155540,23940.2107443940875040
52,2026-04-01 23:22:39,23940.2107443940875040,23940.3723013053518440,23934.9489268497325390,23937.4835789238491240
53,2026-04-01 23:23:39,23937.4835789238491240,23941.3598006527682990,23933.66043523357262770,23933.7038640182948240
54,2026-04-01 23:24:39,23933.7038640182948240,23936.1819781787608840,23921.1988354479887940,23925.3816485942255240
55,2026-04-01 23:25:39,23925.3816485942255240,23925.4984297000329390,23918.1483364911508590,23920.8395631149594640
56,2026-04-01 23:26:39,23920.8395631149594640,23928.0978038572229640,23918.7402881466504740,23926.5285202099608040
57,2026-04-01 23:27:39,23926.5285202099608040,23928.3571518135056740,23914.5019234016080140,23918.2335704929350840
58,2026-04-01 23:28:39,23918.2335704929350840,23928.0841220999527490,23914.8469177958773140,23925.3413347971351640
59,2026-04-01 23:29:39,23925.3413347971351640,23928.4126122032350140,23914.8896304610601940,23919.2946106005899840
60,2026-04-01 23:30:39,23919.2946106005899840,23927.7950655216327490,23915.1797214151264940,23926.5468062723738440
61,2026-04-01 23:31:39,23926.5468062723738440,23937.2042928157393540,23925.4190699315718040,23932.6735734067267840
62,2026-04-01 23:32:39,23932.6735734067267840,23937.1640791754070340,23925.4878944929166430,23925.9475872274243440
63,2026-04-01 23:33:39,23925.9475872274243440,23927.1897324953179740,23917.8155749839802340,23921.6297216255355440
64,2026-04-01 23:34:39,23921.6297216255355440,23922.2251640480128140,23912.2408271498236240,23916.7032406324069440
65,2026-04-01 23:35:39,23916.7032406324069440,23927.4960010137855240,23913.3241969246063590,23924.4047236090547240
66,2026-04-01 23:36:39,23924.4047236090547240,23925.2307868843109490,23917.2245988818930540,23919.2262396166222440
67,2026-04-01 23:37:39,23919.2262396166222440,23919.8453974746378190,23917.1116504851316415,23917.2678076276870560
68,2026-04-01 23:38:39,23917.2678076276870560,23924.2157187239339260,23912.5187437154904760,23922.4037690145911560
69,2026-04-01 23:39:39,23922.4037690145911560,23926.6979910091952460,23910.2146449406698560,23914.2959160796812360
70,2026-04-01 23:40:39,23914.2959160796812360,23923.1074685012489960,23912.2056365745167460,23922.2775788196722960
71,2026-04-01 23:41:39,23922.2775788196722960,23927.0382889136849410,23919.6496163400120260,23924.7962665580194760
72,2026-04-01 23:42:39,23924.7962665580194760,23926.1840209184139160,23915.5630302036008060,23918.5104249550542960
73,2026-04-01 23:43:39,23918.5104249550542960,23921.2767073518021560,23917.8841496179271310,23920.7307321767930560
74,2026-04-01 23:44:39,23920.7307321767930560,23923.2324378510155910,23919.3297293546281440,23919.6568677339966740
75,2026-04-01 23:45:39,23919.6568677339966740,23926.9552638600371140,23918.4236785529290690,23922.7973810410113940
76,2026-04-01 23:46:39,23922.7973810410113940,23934.7258858078744690,23918.1458711429246140,23929.8743154759863940
77,2026-04-01 23:47:39,23929.8743154759863940,23934.6572554249582140,23917.6595373021715090,23919.9047514330151340
78,2026-04-01 23:48:39,23919.9047514330151340,23922.2074083481948940,23918.8890076609742000,23919.5181090522175300
79,2026-04-01 23:49:39,23919.5181090522175300,23925.6007386607120605,23916.7993393525477300,23925.3530372238498500
80,2026-04-01 23:50:39,23925.3530372238498500,23925.6985039127517190,23920.6714431641955280,23920.8677269382716900
81,2026-04-01 23:51:39,23920.8677269382716900,23922.7928448528017300,23915.9691577339400420,23916.3814133202569700
82,2026-04-01 23:52:39,23916.3814133202569700,23919.5201211373880200,23909.9234617990084450,23913.2768818658202500
83,2026-04-01 23:53:39,23913.2768818658202500,23916.7737130107234900,23908.9111628331760850,23910.6146858775124500
84,2026-04-01 23:54:39,23910.6146858775124500,23913.7649880739696400,23902.0611936026537040,23902.3412817029008300
85,2026-04-01 23:55:39,23902.3412817029008300,23907.1201398163661300,23894.7252911095158850,23897.8427432933089300
86,2026-04-01 23:56:39,23897.8427432933089300,23907.6576803660288160,23895.1886764029918850,23907.1588183460564700
87,2026-04-01 23:57:39,23907.1588183460564700,23912.4261204281011400,23902.7161666833404550,23911.2223172705723700
88,2026-04-01 23:58:39,23911.2223172705723700,23923.4291689300113300,23910.1753675379674900,23918.9413622342707500
89,2026-04-01 23:59:39,23918.9413622342707500,23929.0479562613404300,23914.0019967937850450,23928.3216237315542300
90,2026-04-02 00:00:39,23928.3216237315542300,23930.2914312879048550,23925.1770151616897600,23926.3170680852219900
91,2026-04-02 00:01:39,23926.3170680852219900,23927.9934724620512200,23917.0310598062495215,23917.2315682923567500
92,2026-04-02 00:02:39,23917.2315682923567500,23918.0846805861613300,23908.3749467848682750,23908.9515345445607700
93,2026-04-02 00:03:39,23908.9515345445607700,23920.1723269071300300,23907.9323595426661000,23918.6110657167671700
94,2026-04-02 00:04:39,23918.6110657167671700,23922.5649247796110600,23917.2563265297823400,23920.1301421737903600
95,2026-04-02 00:05:39,23920.1301421737903600,23926.4980496217021180,23918.4975044212757300,23921.9220895887920280
96,2026-04-02 00:06:39,23921.9220895887920280,23922.9500635959906030,23917.2587949094635480,23919.7825937111780080
97,2026-04-02 00:07:39,23919.7825937111780080,23923.95890382070034740,23915.0337542942881430,23919.82919054097915240
98,2026-04-02 00:08:39,23919.82919054097915240,23922.69198823845563240,23905.94633824701707240,23910.08800177839017240
99,2026-04-02 00:09:39,23910.08800177839017240,23912.03666213296189740,23900.66521900504131240,23903.10253022383077240
100,2026-04-02 00:10:39,23903.10253022383077240,23912.44255540074892240,23900.69015493648591740,23910.56375363867897240
101,2026-04-02 00:11:39,23910.56375363867897240,23919.05556205848948240,23909.03673005012635740,23914.21997214398337240
102,2026-04-02 00:12:39,23914.21997214398337240,23914.42299604854677690,23904.99995480757197240,23906.47385262719993240
103,2026-04-02 00:13:39,23906.47385262719993240,23907.41922646175095240,23892.86642526409881740,23896.79217108375953240
104,2026-04-02 00:14:39,23896.79217108375953240,23901.86976475029700620,23892.85457025415004740,23896.95562878016172620
105,2026-04-02 00:15:39,23896.95562878016172620,23897.59173439703490620,23889.72617578214315620,23893.49519633385122620
106,2026-04-02 00:16:39,23893.49519633385122620,23897.32862062395014620,23888.58334967102073620,23895.84684623677596620
107,2026-04-02 00:17:39,23895.84684623677596620,23906.38403350086133620,23891.14848771418834620,23903.50409415713696620
108,2026-04-02 00:18:39,23903.50409415713696620,23907.99130603810362120,23900.32626643559250620,23903.16636071222193620
109,2026-04-02 00:19:39,23903.16636071222193620,23903.33028295465287020,23894.91760805943864620,23898.73121473879139620
110,2026-04-02 00:20:39,23898.73121473879139620,23903.40757419048225120,23889.06214261849505620,23892.96659455772791620
111,2026-04-02 00:21:39,23892.96659455772791620,23896.07327766067962620,23888.28413512943500120,23895.52370072134007620
112,2026-04-02 00:22:39,23895.52370072134007620,23904.41661406746903120,23892.92450803002548620,23899.95089957953933620
113,2026-04-02 00:23:39,23899.95089957953933620,23911.64627870621447620,23895.57796345119265120,23909.26176197326819620
114,2026-04-02 00:24:39,23909.26176197326819620,23911.14730838972479620,23899.81412153216732170,23899.89672170481487620
115,2026-04-02 00:25:39,23899.89672170481487620,23909.25971841637959620,23895.68114439522896620,23904.28893363302985620
116,2026-04-02 00:26:39,23904.28893363302985620,23907.71874455396023620,23895.30719590154807120,23897.53388798215137620
117,2026-04-02 00:27:39,23897.53388798215137620,23900.19960761778034120,23888.55757393341395270,23889.02445990081149620
118,2026-04-02 00:28:39,23889.02445990081149620,23894.07731199826916740,23885.02559748246591620,23889.12631812464736740
119,2026-04-02 00:29:39,23889.12631812464736740,23890.98087317123115140,23888.77794009110791090,23889.98238518367629140
120,2026-04-02 00:30:39,23889.98238518367629140,23898.90235904553080640,23889.94328352154382070,23894.73010243136903140
121,2026-04-02 00:31:39,23894.73010243136903140,23899.39200165187564740,23893.46108804850886640,23895.37126699246987740
122,2026-04-02 00:32:39,23895.37126699246987740,23899.77285487566738740,23881.09188348338558740,23885.45644251418131740
123,2026-04-02 00:33:39,23885.45644251418131740,23895.50510029332015740,23884.28605138523783240,23892.47700811944759740
124,2026-04-02 00:34:39,23892.47700811944759740,23895.73720499674656740,23883.05906190679361740,23887.15631956102151740
125,2026-04-02 00:35:39,23887.15631956102151740,23891.41189160822509740,23878.31756877168896740,23879.31196169895673740
126,2026-04-02 00:36:39,23879.31196169895673740,23891.59250875543451740,23874.79553460133982240,23887.77499509871701740
127,2026-04-02 00:37:39,23887.77499509871701740,23892.85303788625307740,23886.04088377721646240,23892.27306296689109740
128,2026-04-02 00:38:39,23892.27306296689109740,23892.95926494196020240,23886.61008154582698740,23888.62072136188887740
129,2026-04-02 00:39:39,23888.62072136188887740,23892.98479723417420740,23888.02213829617112240,23892.37098524923013740
130,2026-04-02 00:40:39,23892.37098524923013740,23893.26376819902272240,23881.63814678864464240,23885.10537328901947740
131,2026-04-02 00:41:39,23885.10537328901947740,23886.24615957552850740,23880.89637180133550440,23884.10863192012000940
132,2026-04-02 00:42:39,23884.10863192012000940,23893.94241857758832940,23881.24382016306917940,23891.44396978497686940
133,2026-04-02 00:43:39,23891.44396978497686940,23900.27507204575231440,23890.87477288482464440,23896.69831294412642940
134,2026-04-02 00:44:39,23896.69831294412642940,23907.65848324525095940,23896.29659419706860840,23906.10238605928714940
135,2026-04-02 00:45:39,23906.10238605928714940,23910.30520117855869440,23895.92206710759643440,23900.32758986592642940
136,2026-04-02 00:46:39,23900.32758986592642940,23902.31414388740159440,23895.11068129218676940,23895.80610311860498940
137,2026-04-02 00:47:39,23895.80610311860498940,23900.92223949773337440,23893.62512878776762940,23897.82398108291620940
138,2026-04-02 00:48:39,23897.82398108291620940,23897.88639342779587240,23887.55950313180657440,23891.15178482660636940
139,2026-04-02 00:49:39,23891.15178482660636940,23895.44512273065979440,23887.81725214226970440,23894.37174618913402940
140,2026-04-02 00:50:39,23894.37174618913402940,23902.98897236491965440,23890.58397029088058940,23901.40524445632710940
141,2026-04-02 00:51:39,23901.40524445632710940,23910.04069270800826440,23899.26993523224713940,23906.46914831663902940
142,2026-04-02 00:52:39,23906.46914831663902940,23911.20082003353197140,23904.34973772584908940,23907.28180683091362140
143,2026-04-02 00:53:39,23907.28180683091362140,23908.48688289918321140,23899.06467371809510140,23900.82179697268722140
144,2026-04-02 00:54:39,23900.82179697268722140,23904.14229421370766140,23900.58104241759560840,23903.34012165355498140
145,2026-04-02 00:55:39,23903.34012165355498140,23912.90254113166708140,23899.31624392015681140,23909.12904244341374140
146,2026-04-02 00:56:39,23909.12904244341374140,23909.65965609050336640,23902.97522588538712640,23904.45861274118468140
147,2026-04-02 00:57:39,23904.45861274118468140,23906.94701863077793840,23900.83135477771577640,23904.87908097211226340
148,2026-04-02 00:58:39,23904.87908097211226340,23917.17085344817993340,23902.08455643713684340,23914.49172592931040340
149,2026-04-02 00:59:39,23914.49172592931040340,23915.91058965116299840,23908.55836066583093340,23909.63673460746030340
150,2026-04-02 01:00:39,23909.63673460746030340,23919.14549242898144340,23908.21166235637461340,23918.11664830339914340
151,2026-04-02 01:01:39,23918.11664830339914340,23930.79297581724494340,23916.12361711036580340,23926.23776459425582340
152,2026-04-02 01:02:39,23926.23776459425582340,23927.32280690796802840,23920.37889580725638840,23923.36344860185096340
153,2026-04-02 01:03:39,23923.36344860185096340,23929.78222301685353340,23923.07964668519776540,23926.42908669376236340
154,2026-04-02 01:04:39,23926.42908669376236340,23926.91371747148860690,23924.79205741071702240,23925.57353536392259740
155,2026-04-02 01:05:39,23925.57353536392259740,23936.20161797208786240,23923.27744950925811240,23931.32672965122699740
156,2026-04-02 01:06:39,23931.32672965122699740,23933.21145038968484740,23927.79869509758367740,23929.08760875420999740
157,2026-04-02 01:07:39,23929.08760875420999740,23939.33382236600566240,23928.54484585977385740,23937.36122459981647740
158,2026-04-02 01:08:39,23937.36122459981647740,23939.01448210888285740,23930.25001766404604740,23934.76580791397291740
159,2026-04-02 01:09:39,23934.76580791397291740,23938.62862263975136240,23924.51546278061135240,23925.40787965311105740
160,2026-04-02 01:10:39,23925.40787965311105740,23934.18793086856042740,23922.90773017234530240,23932.77101840952925740
161,2026-04-02 01:11:39,23932.77101840952925740,23934.03603752098794240,23926.75893306348424590,23926.93516500617153740
162,2026-04-02 01:12:39,23926.93516500617153740,23930.53446710367430740,23917.01640768303369740,23918.26336902019725740
163,2026-04-02 01:13:39,23918.26336902019725740,23923.42007166399623740,23915.57491264565611740,23921.25426246843033740
164,2026-04-02 01:14:39,23921.25426246843033740,23924.32024551989522240,23913.23408489964626240,23915.41156222364471740
165,2026-04-02 01:15:39,23915.41156222364471740,23915.73056711383655440,23908.62659509928272740,23910.20990198022215740
166,2026-04-02 01:16:39,23910.20990198022215740,23912.55788468874892440,23907.40566278221349240,23911.59302202127548940
167,2026-04-02 01:17:39,23911.59302202127548940,23915.93905441506721940,23899.05263375912450940,23903.58677674251924940
168,2026-04-02 01:18:39,23903.58677674251924940,23912.79619234511451990,23899.53053038312613440,23912.74461788253142940
169,2026-04-02 01:19:39,23912.74461788253142940,23915.42375112670648940,23903.37190159520688940,23906.27385530912962940
170,2026-04-02 01:20:39,23906.27385530912962940,23907.89475837624387940,23903.96059149362174660,23906.18281908155550660
171,2026-04-02 01:21:39,23906.18281908155550660,23910.10844391542880660,23902.61513890587498860,23904.55136276993498860
172,2026-04-02 01:22:39,23904.55136276993498860,23906.93104803186425060,23900.33175110366743360,23905.68597251348476060
173,2026-04-02 01:23:39,23905.68597251348476060,23909.29222008180443060,23896.83137033219978560,23898.10695655555788060
174,2026-04-02 01:24:39,23898.10695655555788060,23901.79945296924535560,23887.58454308266963060,23892.30345462556158060
175,2026-04-02 01:25:39,23892.30345462556158060,23900.23436277650034560,23888.39683991083728060,23896.70528375390232060
176,2026-04-02 01:26:39,23896.70528375390232060,23900.81798692504781060,23895.37103113502778060,23900.16642603565306060
177,2026-04-02 01:27:39,23900.16642603565306060,23904.21109743612403060,23897.26847397734805060,23901.89635951160283060
178,2026-04-02 01:28:39,23901.89635951160283060,23908.09141621836060060,23899.82547944636338560,23904.24907020956699060
179,2026-04-02 01:29:39,23904.24907020956699060,23907.36467256320857160,23903.03562556069139560,23906.11309619905104660
180,2026-04-02 01:30:39,23906.11309619905104660,23910.56283784590792660,23899.67286967890003660,23900.59303853222774660
181,2026-04-02 01:31:39,23900.59303853222774660,23904.74355144414283160,23900.04813240377609660,23903.97306902519102660
182,2026-04-02 01:32:39,23903.97306902519102660,23907.92025804189975160,23891.69762595402896160,23895.83798417162054660
183,2026-04-02 01:33:39,23895.83798417162054660,23899.25391667487746160,23882.72906863956201660,23886.80299801137436660
184,2026-04-02 01:34:39,23886.80299801137436660,23889.04353201111941660,23883.89916377090808660,23886.25777887006185660
185,2026-04-02 01:35:39,23886.25777887006185660,23890.70709303287187160,23881.71885478855988160,23882.37239076866413660
186,2026-04-02 01:36:39,23882.37239076866413660,23892.82231953359315660,23880.84989532867907160,23891.63331653067529660
187,2026-04-02 01:37:39,23891.63331653067529660,23894.15034031688716160,23880.20427075457024660,23882.23184310935055660
188,2026-04-02 01:38:39,23882.23184310935055660,23886.77660068346958160,23874.19648234695030660,23878.50264748954335660
189,2026-04-02 01:39:39,23878.50264748954335660,23889.80370785566218660,23878.41936866446367010,23885.79974960805835660
190,2026-04-02 01:40:39,23885.79974960805835660,23900.07877074185700660,23880.80625045383639160,23895.26112480334057660
191,2026-04-02 01:41:39,23895.26112480334057660,23901.77105330013252160,23891.10461888187779160,23897.28579287290841660
192,2026-04-02 01:42:39,23897.28579287290841660,23899.98990976716852160,23885.78544835829428660,23888.70746235302995660
193,2026-04-02 01:43:39,23888.70746235302995660,23898.53771250626896160,23884.12557234714065660,23895.40348401079115660
194,2026-04-02 01:44:39,23895.40348401079115660,23907.59254210982123160,23893.16785562465332160,23904.46850999932199660
195,2026-04-02 01:45:39,23904.46850999932199660,23905.03729815363756660,23903.43559906279461860,23903.50980298757076860
196,2026-04-02 01:46:39,23903.50980298757076860,23905.06932768741124360,23891.27411897819212860,23895.66715082417572860
197,2026-04-02 01:47:39,23895.66715082417572860,23898.81792588104394860,23891.27395380347682560,23891.33652716471648860
198,2026-04-02 01:48:39,23891.33652716471648860,23901.07067793890396860,23889.40380930407146860,23900.10032400027860860
199,2026-04-02 01:49:39,23900.10032400027860860,23907.44801652266082860,23898.87459915544583360,23905.67070999446820860
200,2026-04-02 01:50:39,23905.67070999446820860,23906.81266325144683860,23895.68244316879770860,23900.62567393790260860
201,2026-04-02 01:51:39,23900.62567393790260860,23907.22990116906810760,23897.02738737316212360,23906.85399150795020860
202,2026-04-02 01:52:39,23906.85399150795020860,23917.53324057559165860,23904.09871793542926360,23913.17571237831174860
203,2026-04-02 01:53:39,23913.17571237831174860,23917.15738469369585360,23911.43051510976183860,23915.98414908907566860
204,2026-04-02 01:54:39,23915.98414908907566860,23917.55146305661248560,23912.92937458163561360,23916.91023703054999060
205,2026-04-02 01:55:39,23916.91023703054999060,23917.29361217808609660,23910.27966709122044060,23914.67265876693307060
206,2026-04-02 01:56:39,23914.67265876693307060,23928.14781248948897560,23910.69668934712961560,23923.84043464150297060
207,2026-04-02 01:57:39,23923.84043464150297060,23934.55321808324807560,23921.39600109373961560,23930.76827951277057060
208,2026-04-02 01:58:39,23930.76827951277057060,23934.21627922645593560,23921.86239654750672060,23923.52926742915493060
209,2026-04-02 01:59:39,23923.52926742915493060,23936.56818840958556060,23920.01436094055618560,23933.25297060108413060
210,2026-04-02 02:00:39,23933.25297060108413060,23934.71579147256711560,23931.22131247828772660,23932.14812284435520660
211,2026-04-02 02:01:39,23932.14812284435520660,23935.08338727293690660,23926.94100420546761160,23928.93327944396678660
212,2026-04-02 02:02:39,23928.93327944396678660,23938.19709349572519660,23926.18515699458545160,23937.48791639110438660
213,2026-04-02 02:03:39,23937.48791639110438660,23945.21717670616559660,23936.27665643406872660,23942.03728367669378660
214,2026-04-02 02:04:39,23942.03728367669378660,23944.37451145815404660,23940.92671599049431210,23941.31300508571460260
215,2026-04-02 02:05:39,23941.31300508571460260,23945.59016549521596460,23938.80345605490887260,23941.90434339544935460
216,2026-04-02 02:06:39,23941.90434339544935460,23944.65468717024411460,23939.34856001955852760,23939.93553881064778260
217,2026-04-02 02:07:39,23939.93553881064778260,23944.19509608028225320,23937.46561013044116760,23940.09444355037733320
218,2026-04-02 02:08:39,23940.09444355037733320,23942.10122331841903320,23936.73645056399349020,23939.09346525049461520
219,2026-04-02 02:09:39,23939.09346525049461520,23942.46029766391042520,23937.160744188428246540,23939.088654135860781540
220,2026-04-02 02:10:39,23939.088654135860781540,23943.238158560468861540,23935.772006479451401540,23936.814316868229881540
221,2026-04-02 02:11:39,23936.814316868229881540,23944.754106320791896540,23932.103902135092686540,23943.775785203918681540
222,2026-04-02 02:12:39,23943.775785203918681540,23944.811018039384366540,23934.343371216367606540,23937.049332813848401540
223,2026-04-02 02:13:39,23937.049332813848401540,23939.351279011159771540,23926.625131846696626540,23931.299329889611921540
224,2026-04-02 02:14:39,23931.299329889611921540,23932.453932036857051540,23926.751321976422906540,23927.878806794937101540
225,2026-04-02 02:15:39,23927.878806794937101540,23930.850675511569984540,23926.431096005919856540,23928.937644646008289540
226,2026-04-02 02:16:39,23928.937644646008289540,23931.980057047670689540,23922.408044842261799540,23927.170222456180549540
227,2026-04-02 02:17:39,23927.170222456180549540,23936.722636798733164540,23926.605348422473879540,23933.799509859550469540
228,2026-04-02 02:18:39,23933.799509859550469540,23940.195282525473823540,23931.437341517972404540,23935.511220649588443540
229,2026-04-02 02:19:39,23935.511220649588443540,23943.785281117905478540,23934.582735989048443540,23939.338747393031903540
230,2026-04-02 02:20:39,23939.338747393031903540,23950.019651616466943540,23936.996402701826903540,23947.879789601024083540
231,2026-04-02 02:21:39,23947.879789601024083540,23949.585715739329153540,23937.130251003955553540,23941.160639608819283540
232,2026-04-02 02:22:39,23941.160639608819283540,23944.239202877152288540,23930.477531217260953540,23931.836437881848003540
233,2026-04-02 02:23:39,23931.836437881848003540,23933.665885556799263540,23921.889346065879458540,23924.539935330180383540
234,2026-04-02 02:24:39,23924.539935330180383540,23934.699584648338848540,23924.091537752696991540,23933.754285063480123540
235,2026-04-02 02:25:39,23933.754285063480123540,23934.649142022081213540,23924.459357673516168540,23927.405408056175963540
236,2026-04-02 02:26:39,23927.405408056175963540,23931.890454018437483540,23922.681434600465642540,23922.775183502945643540
237,2026-04-02 02:27:39,23922.775183502945643540,23923.215836271744120040,23916.087979081127751540,23916.412399092881163540
238,2026-04-02 02:28:39,23916.412399092881163540,23919.186492925130958540,23913.848950941510912540,23915.075328426936297540
239,2026-04-02 02:29:39,23915.075328426936297540,23916.387767813349002540,23905.690814606235707540,23906.985073847223537540
240,2026-04-02 02:30:39,23906.985073847223537540,23909.346579063845102540,23904.789360302867965540,23906.378059413460075540
241,2026-04-02 02:31:39,23906.378059413460075540,23907.805298130402910540,23903.325882979354725040,23903.487967161223235540
242,2026-04-02 02:32:39,23903.487967161223235540,23904.312623885605735540,23898.366704559124359540,23902.815380568064419540
243,2026-04-02 02:33:39,23902.815380568064419540,23905.411140462575039540,23897.369297825437600540,23901.203765422666295540
244,2026-04-02 02:34:39,23901.203765422666295540,23902.586035513126265540,23890.346017193675935540,23891.558981920387075540
245,2026-04-02 02:35:39,23891.558981920387075540,23895.912716337904620540,23888.027507964534409540,23890.005335318858379540
246,2026-04-02 02:36:39,23890.005335318858379540,23892.020482268193914540,23876.682036226467209540,23880.471241143751499540
247,2026-04-02 02:37:39,23880.471241143751499540,23890.250150803593024540,23875.509753381139449540,23888.135712979424579540
248,2026-04-02 02:38:39,23888.135712979424579540,23891.861669633938744540,23879.775446765020199540,23881.474656011664579540
249,2026-04-02 02:39:39,23881.474656011664579540,23885.129136180099594540,23875.614522423415652540,23879.546354729470927540
250,2026-04-02 02:40:39,23879.546354729470927540,23885.453912420409659540,23877.780230847550627540,23880.762399207224289540
251,2026-04-02 02:41:39,23880.762399207224289540,23884.090027177748249540,23866.553046443291454540,23871.020988901621149540
252,2026-04-02 02:42:39,23871.020988901621149540,23874.047099398005294540,23860.750488648540519540,23865.268549516456409540
253,2026-04-02 02:43:39,23865.268549516456409540,23868.849476912920069540,23856.343602864697335540,23856.413803098915929540
254,2026-04-02 02:44:39,23856.413803098915929540,23864.648648241836819540,23854.524517031165024540,23860.403300593794869540
255,2026-04-02 02:45:39,23860.403300593794869540,23861.223800366848554540,23851.382043136461604540,23855.440425814800109540
256,2026-04-02 02:46:39,23855.440425814800109540,23861.940390938865147040,23852.020066400067859540,23861.886246954969189540
257,2026-04-02 02:47:39,23861.886246954969189540,23869.241407378223383040,23857.588954517892019540,23868.880447479374849540
258,2026-04-02 02:48:39,23868.880447479374849540,23871.832793206829881140,23868.633380086921732540,23868.900664774189016140
259,2026-04-02 02:49:39,23868.900664774189016140,23869.843405953069806140,23862.708228103680586140,23865.409510166109256140
260,2026-04-02 02:50:39,23865.409510166109256140,23869.574938579264485140,23863.239333610161771140,23869.261009907005776140
261,2026-04-02 02:51:39,23869.261009907005776140,23873.554095001217906140,23858.424138037219666140,23861.328384718544916140
262,2026-04-02 02:52:39,23861.328384718544916140,23861.352541419375895740,23856.547117459842477140,23859.601759579778492140
263,2026-04-02 02:53:39,23859.601759579778492140,23860.651457775687502140,23855.254224732170867140,23856.581848653304272140
264,2026-04-02 02:54:39,23856.581848653304272140,23861.412011713912667140,23852.986695046064717540,23856.420914598936592540
265,2026-04-02 02:55:39,23856.420914598936592540,23862.215676916397907540,23853.551824422810097540,23861.296933331199372540
266,2026-04-02 02:56:39,23861.296933331199372540,23868.161194563452662540,23858.391476449738892540,23863.585740110643972540
267,2026-04-02 02:57:39,23863.585740110643972540,23867.055515778276797540,23859.985403926104912540,23864.149046383867482540
268,2026-04-02 02:58:39,23864.149046383867482540,23867.704507372204407540,23851.864384634822752540,23856.194937949159582540
269,2026-04-02 02:59:39,23856.194937949159582540,23858.754531049055257540,23855.674764190649001440,23856.070263728532094940
270,2026-04-02 03:00:39,23856.070263728532094940,23867.388442797767174940,23853.986894411028744940,23862.953763992038414940
271,2026-04-02 03:01:39,23862.953763992038414940,23864.777202452429169940,23856.953880489782339940,23860.220879213987294940
272,2026-04-02 03:02:39,23860.220879213987294940,23864.801504597906688940,23855.268616660157474940,23861.820973927071738940
273,2026-04-02 03:03:39,23861.820973927071738940,23871.952069062717253940,23861.024630854849033940,23867.761131472774338940
274,2026-04-02 03:04:39,23867.761131472774338940,23870.127564489435163940,23857.771647918397348940,23861.776093706384298940
275,2026-04-02 03:05:39,23861.776093706384298940,23863.564877351077633940,23859.616238842539552940,23860.147035680779692940
276,2026-04-02 03:06:39,23860.147035680779692940,23863.933085321417537940,23851.585942370158537940,23853.599327217600872940
277,2026-04-02 03:07:39,23853.599327217600872940,23857.154336870719782940,23851.743949356835256940,23853.111236082907356940
278,2026-04-02 03:08:39,23853.111236082907356940,23863.116585173698366940,23850.703776805057966940,23862.294536806780116940
279,2026-04-02 03:09:39,23862.294536806780116940,23866.579269103975577790,23861.556912700904911940,23866.573898292413816940
280,2026-04-02 03:10:39,23866.573898292413816940,23875.468184030832761940,23864.109334691478511940,23870.868671760367496940
281,2026-04-02 03:11:39,23870.868671760367496940,23874.029389291084037940,23869.253652370187246940,23871.505242088579172940
282,2026-04-02 03:12:39,23871.505242088579172940,23879.125248184020232940,23868.498517488361532940,23878.482260503099372940
283,2026-04-02 03:13:39,23878.482260503099372940,23879.301241507893957940,23866.212930903403472940,23869.151143817767052940
284,2026-04-02 03:14:39,23869.151143817767052940,23874.905616615389243940,23868.766626954901274940,23870.818454306953748940
285,2026-04-02 03:15:39,23870.818454306953748940,23872.455540316857133940,23868.714873166156360940,23869.254909543904850940
286,2026-04-02 03:16:39,23869.254909543904850940,23881.057208527837465940,23867.488232200261265940,23877.638471130113290940
287,2026-04-02 03:17:39,23877.638471130113290940,23884.443255595137900940,23873.864927670855460940,23882.837497034500070940
288,2026-04-02 03:18:39,23882.837497034500070940,23888.208853645813070940,23881.957827881890220940,23886.365955796263110940
289,2026-04-02 03:19:39,23886.365955796263110940,23888.386909420782140940,23878.228896068515630940,23879.230286161988130940
290,2026-04-02 03:20:39,23879.230286161988130940,23883.560469468850815940,23869.693284088137180940,23872.668443947410370940
291,2026-04-02 03:21:39,23872.668443947410370940,23879.938343758666062940,23868.077018627932720940,23879.526997739228830940
292,2026-04-02 03:22:39,23879.526997739228830940,23886.198713600728000940,23874.684711925072870940,23882.854115624378430940
293,2026-04-02 03:23:39,23882.854115624378430940,23885.702596514347230940,23881.266025251832740940,23882.411821215605220940
294,2026-04-02 03:24:39,23882.411821215605220940,23883.203962223233576140,23879.444752579761960940,23882.508110167695201140
295,2026-04-02 03:25:39,23882.508110167695201140,23893.269947494040166140,23878.040262823011791140,23888.808797900010221140
296,2026-04-02 03:26:39,23888.808797900010221140,23891.495509271740636140,23878.554914995820636140,23882.739877352835501140
297,2026-04-02 03:27:39,23882.739877352835501140,23886.713827327691816140,23878.622935539401516140,23880.209568953239101140
298,2026-04-02 03:28:39,23880.209568953239101140,23890.867292893057306140,23877.215815243411666140,23886.093356002165581140
299,2026-04-02 03:29:39,23886.093356002165581140,23895.134464460487641140,23885.412106649210671140,23890.857436568875481140
300,2026-04-02 03:30:39,23890.857436568875481140,23894.385608581074276140,23880.176803462755251140,23883.798837519157081140
301,2026-04-02 03:31:39,23883.798837519157081140,23888.106518901468441140,23880.331377848205743140,23881.820175546137643140
302,2026-04-02 03:32:39,23881.820175546137643140,23895.374576940841258140,23878.144359257139378140,23891.672387766499203140
303,2026-04-02 03:33:39,23891.672387766499203140,23895.449722104449578140,23881.552265906497913140,23884.844753940051723140
304,2026-04-02 03:34:39,23884.844753940051723140,23887.051217938797133140,23877.065499686666488140,23877.635756194421863140
305,2026-04-02 03:35:39,23877.635756194421863140,23878.911440432496063140,23869.209375208806848140,23870.119281713906303140
306,2026-04-02 03:36:39,23870.119281713906303140,23874.426224471268308140,23860.963432752044573140,23863.345181007564583140
307,2026-04-02 03:37:39,23863.345181007564583140,23868.078493735789518140,23854.658225986481723140,23858.992468239270343140
308,2026-04-02 03:38:39,23858.992468239270343140,23862.984584785525003140,23855.901945853094513640,23856.258179185100883140
309,2026-04-02 03:39:39,23856.258179185100883140,23856.501870870823880140,23851.174875838297793140,23851.812284966843303140
310,2026-04-02 03:40:39,23851.812284966843303140,23856.453044296453228140,23844.135401320706748140,23848.202971405444163140
311,2026-04-02 03:41:39,23848.202971405444163140,23856.501193410484658140,23843.882662527674163140,23854.847117250248363140
312,2026-04-02 03:42:39,23854.847117250248363140,23855.460902611008318940,23853.458946577021348140,23854.942164879730963940
313,2026-04-02 03:43:39,23854.942164879730963940,23859.054283757719328940,23850.096288211688513940,23850.855248631376403940
314,2026-04-02 03:44:39,23850.855248631376403940,23851.044926951194594440,23840.113995820336943940,23844.023372854116983940
315,2026-04-02 03:45:39,23844.023372854116983940,23845.193045190625348940,23835.825784171850298940,23837.593270147961203940
316,2026-04-02 03:46:39,23837.593270147961203940,23840.943335530321713940,23828.160525119472518940,23831.658777772290043940
317,2026-04-02 03:47:39,23831.658777772290043940,23834.543323090552948940,23825.024081456951815940,23829.994166591201965940
318,2026-04-02 03:48:39,23829.994166591201965940,23837.515699410585530940,23826.199307307228100940,23833.192170980941565940
319,2026-04-02 03:49:39,23833.192170980941565940,23840.532244965681909940,23832.876606144884865440,23840.343338195394405940
320,2026-04-02 03:50:39,23840.343338195394405940,23843.917864805049190940,23831.415098170477465940,23834.873595659096525940
321,2026-04-02 03:51:39,23834.873595659096525940,23841.222644234645460940,23830.737020650756075940,23837.027224300907545940
322,2026-04-02 03:52:39,23837.027224300907545940,23845.463610198564630940,23836.474836462398430940,23843.926896096173145940
323,2026-04-02 03:53:39,23843.926896096173145940,23847.024015568673605940,23838.169740109317800940,23838.926686616114645940
324,2026-04-02 03:54:39,23838.926686616114645940,23851.341833829107595940,23838.731862736741002440,23847.013629943604385940
325,2026-04-02 03:55:39,23847.013629943604385940,23847.633420695845675940,23838.961146878526120940,23843.504781286932865940
326,2026-04-02 03:56:39,23843.504781286932865940,23844.428734699929450940,23832.381797953220895940,23835.204242162967185940
327,2026-04-02 03:57:39,23835.204242162967185940,23839.931381125902441440,23833.310615859604700940,23839.559231586549045940
328,2026-04-02 03:58:39,23839.559231586549045940,23844.073055991471275940,23836.359643478113965940,23838.115857489460985940
329,2026-04-02 03:59:39,23838.115857489460985940,23845.367332655176175940,23835.785309758868650940,23844.505797291410025940
330,2026-04-02 04:00:39,23844.505797291410025940,23847.741767395167465940,23836.277764705604734940,23836.607595666594585940
331,2026-04-02 04:01:39,23836.607595666594585940,23836.953302238580416940,23830.360426746942265940,23830.898019015275845940
332,2026-04-02 04:02:39,23830.898019015275845940,23833.651642910508235940,23829.105612353470888940,23830.099870739551163940
333,2026-04-02 04:03:39,23830.099870739551163940,23840.858635215954178940,23825.466912505434283940,23839.191078841309523940
334,2026-04-02 04:04:39,23839.191078841309523940,23843.957508117406358940,23833.798525481856630940,23834.051471391716683940
335,2026-04-02 04:05:39,23834.051471391716683940,23837.578807348654940940,23830.495129958956988940,23835.016695975799395940
336,2026-04-02 04:06:39,23835.016695975799395940,23845.794454256908215940,23831.312958298396725940,23844.117740995305435940
337,2026-04-02 04:07:39,23844.117740995305435940,23854.985567082178545940,23839.852787638014515940,23851.122640497573915940
338,2026-04-02 04:08:39,23851.122640497573915940,23853.666457507603980940,23847.892745932514159140,23851.095123002815549140
339,2026-04-02 04:09:39,23851.095123002815549140,23851.994373687540319140,23842.673012215026164140,23847.354607743841849140
340,2026-04-02 04:10:39,23847.354607743841849140,23847.482040742170986140,23846.200872993190215140,23846.876051731815555140
341,2026-04-02 04:11:39,23846.876051731815555140,23850.487910199671910140,23842.014902363072540140,23849.763412163482675140
342,2026-04-02 04:12:39,23849.763412163482675140,23853.212542158184795140,23837.489377033193275140,23841.471874346710655140
343,2026-04-02 04:13:39,23841.471874346710655140,23854.423125695634205140,23838.605707489701755140,23850.100800790870915140
344,2026-04-02 04:14:39,23850.100800790870915140,23854.950368073745785140,23845.844403752518985140,23854.298304880176795140
345,2026-04-02 04:15:39,23854.298304880176795140,23859.429898000988110140,23853.692584616920235140,23857.056248782694435140
346,2026-04-02 04:16:39,23857.056248782694435140,23861.454099112401740140,23851.667257324637485140,23853.618970356704175140
347,2026-04-02 04:17:39,23853.618970356704175140,23860.740684366664230140,23849.434148254540805140,23856.418460671053475140
348,2026-04-02 04:18:39,23856.418460671053475140,23862.199925602041135140,23852.045417151900660140,23860.925700883812115140
349,2026-04-02 04:19:39,23860.925700883812115140,23864.505186094672025140,23852.383321736652070140,23855.185211298607835140
350,2026-04-02 04:20:39,23855.185211298607835140,23855.920803044420090140,23852.671698880228985140,23854.526072090736605140
351,2026-04-02 04:21:39,23854.526072090736605140,23856.918513119182770140,23848.236600143479450140,23849.776723519794965140
352,2026-04-02 04:22:39,23849.776723519794965140,23858.601099531446155140,23845.734792279887365140,23855.607841501761145140
353,2026-04-02 04:23:39,23855.607841501761145140,23857.922032101974830140,23843.062046288075860140,23847.175027666229285140
354,2026-04-02 04:24:39,23847.175027666229285140,23855.588433787035010140,23844.820639309389795140,23855.470404143198565140
355,2026-04-02 04:25:39,23855.470404143198565140,23856.172252996439215140,23845.609824033738005140,23848.820687424773645140
356,2026-04-02 04:26:39,23848.820687424773645140,23853.124322075454645140,23838.684744908793214640,23838.854912700529605140
357,2026-04-02 04:27:39,23838.854912700529605140,23844.165730720463053140,23837.353512345512140140,23839.241539928708913140
358,2026-04-02 04:28:39,23839.241539928708913140,23844.341558334111002140,23838.436330625990528140,23840.161069915704897140
359,2026-04-02 04:29:39,23840.161069915704897140,23844.756099970432017140,23831.672223143592557140,23836.122496461552777140
360,2026-04-02 04:30:39,23836.122496461552777140,23840.484734403660842140,23823.205275076071367140,23828.074919859913577140
361,2026-04-02 04:31:39,23828.074919859913577140,23830.396936272921447140,23819.210617707208982140,23822.797350866160017140
362,2026-04-02 04:32:39,23822.797350866160017140,23825.034064031221897140,23813.584903287042312140,23816.844525452165137140
363,2026-04-02 04:33:39,23816.844525452165137140,23821.941326580448655140,23812.464134263556472140,23817.709620100310785140
364,2026-04-02 04:34:39,23817.709620100310785140,23818.958503952696180140,23811.881116464213020140,23813.964776193706645140
365,2026-04-02 04:35:39,23813.964776193706645140,23818.945731268704710140,23809.760582141932335140,23815.319702809359705140
366,2026-04-02 04:36:39,23815.319702809359705140,23818.108942042155595140,23812.069061925666855140,23812.641437790655225140
367,2026-04-02 04:37:39,23812.641437790655225140,23813.697759075415165140,23803.014307742945015140,23807.290158303123925140
368,2026-04-02 04:38:39,23807.290158303123925140,23812.555603774988790140,23806.478757349065810140,23807.817045384001425140
369,2026-04-02 04:39:39,23807.817045384001425140,23811.399825744517020140,23796.016984195921985140,23799.228936805962045140
370,2026-04-02 04:40:39,23799.228936805962045140,23801.696359664991620140,23788.770365125392695140,23792.168593100350585140
371,2026-04-02 04:41:39,23792.168593100350585140,23805.438915479666940140,23789.216640442244965140,23800.535224788140105140
372,2026-04-02 04:42:39,23800.535224788140105140,23810.901807533065655140,23797.739211557311530140,23807.508571165384945140
373,2026-04-02 04:43:39,23807.508571165384945140,23817.404969130831235140,23804.043435477206175140,23812.579191956938745140
374,2026-04-02 04:44:39,23812.579191956938745140,23824.676439517492585140,23812.507263786395614640,23822.384156860590005140
375,2026-04-02 04:45:39,23822.384156860590005140,23823.417024644285870140,23811.867956333732160140,23815.543263273100905140
376,2026-04-02 04:46:39,23815.543263273100905140,23828.105376618031995140,23814.988803314039805140,23823.214225775196265140
377,2026-04-02 04:47:39,23823.214225775196265140,23827.874148666334350140,23817.812495957041335140,23819.618286778972565140
378,2026-04-02 04:48:39,23819.618286778972565140,23829.455802312332990140,23816.312370121624440140,23825.129876590859965140
379,2026-04-02 04:49:39,23825.129876590859965140,23828.678762572202200140,23814.921595463492660140,23817.505053485513165140
380,2026-04-02 04:50:39,23817.505053485513165140,23819.265203096095970140,23813.851120680966875140,23818.606382305084845140
381,2026-04-02 04:51:39,23818.606382305084845140,23820.587741893524125140,23807.032776904307615140,23808.797060525415905140
382,2026-04-02 04:52:39,23808.797060525415905140,23810.769191626817490140,23801.380520219160425140,23802.725713380018985140
383,2026-04-02 04:53:39,23802.725713380018985140,23812.847936725173060140,23802.492921288354689640,23809.252541665571005140
384,2026-04-02 04:54:39,23809.252541665571005140,23812.315320213006435140,23801.921802890450545140,23804.885264949353945140
385,2026-04-02 04:55:39,23804.885264949353945140,23806.096203851558305140,23799.550187028734977140,23803.314225656592337140
386,2026-04-02 04:56:39,23803.314225656592337140,23811.971860382227107140,23799.608535049300837140,23810.129915215135457140
387,2026-04-02 04:57:39,23810.129915215135457140,23811.065147445101772140,23804.982661756213077140,23808.674291273892937140
388,2026-04-02 04:58:39,23808.674291273892937140,23813.438160700461845140,23805.866791306001447140,23809.304261877808785140
389,2026-04-02 04:59:39,23809.304261877808785140,23810.018022346784315140,23805.096245519861635140,23805.674010489915445140
390,2026-04-02 05:00:39,23805.674010489915445140,23817.907696863593335140,23800.829660103576975140,23814.258154492945425140
391,2026-04-02 05:01:39,23814.258154492945425140,23815.250477485940955140,23800.941418945296340140,23805.108375328177705140
392,2026-04-02 05:02:39,23805.108375328177705140,23819.256758533537675140,23804.797452259714404140,23814.353186862707625140
393,2026-04-02 05:03:39,23814.353186862707625140,23822.391378449923940140,23810.292450180413345140,23817.583765060446985140
394,2026-04-02 05:04:39,23817.583765060446985140,23817.869798614582822640,23815.608464391254041140,23816.904220174487721140
395,2026-04-02 05:05:39,23816.904220174487721140,23817.097054604486060640,23806.593747300372286140,23808.190891644074941140
396,2026-04-02 05:06:39,23808.190891644074941140,23815.330863972348511140,23805.075904824806276140,23813.560206696186261140
397,2026-04-02 05:07:39,23813.560206696186261140,23823.117590648176841140,23811.853265881935676140,23821.727718814149321140
398,2026-04-02 05:08:39,23821.727718814149321140,23827.878026663268871140,23817.004130253104506140,23827.238788473065321140
399,2026-04-02 05:09:39,23827.238788473065321140,23839.478178524634821140,23824.391327707279101140,23837.088001620531021140
400,2026-04-02 05:10:39,23837.088001620531021140,23847.304862294022326140,23835.829630988104966140,23842.915136233398221140
401,2026-04-02 05:11:39,23842.915136233398221140,23847.400807304028731140,23831.038996307663076140,23835.984848996617221140
402,2026-04-02 05:12:39,23835.984848996617221140,23837.180474608754886140,23825.468160263480621140,23827.538615817920521140
403,2026-04-02 05:13:39,23827.538615817920521140,23835.020675815185776140,23826.231248586546211140,23832.724638522008661140
404,2026-04-02 05:14:39,23832.724638522008661140,23837.433378599785841140,23830.690306744393966140,23836.537100759584901140
405,2026-04-02 05:15:39,23836.537100759584901140,23849.922896695752986140,23835.887902083754426140,23845.116916459573801140
406,2026-04-02 05:16:39,23845.116916459573801140,23847.452741243155961140,23840.759347004703815140,23844.700411397358535140
407,2026-04-02 05:17:39,23844.700411397358535140,23847.450519787357370140,23835.598730701300595140,23839.541833894113875140
408,2026-04-02 05:18:39,23839.541833894113875140,23839.645991865380605640,23837.133275960634066740,23839.392946497254456740
409,2026-04-02 05:19:39,23839.392946497254456740,23843.277372579685061740,23839.039861694462475240,23841.942584785605996740
410,2026-04-02 05:20:39,23841.942584785605996740,23854.564955669718251740,23839.429190018879746740,23849.716056072952196740
411,2026-04-02 05:21:39,23849.716056072952196740,23854.066916969170236740,23849.152017954807681740,23849.569905283660528740
412,2026-04-02 05:22:39,23849.569905283660528740,23852.342055070838858740,23848.769542800155198740,23850.779369483133428740
413,2026-04-02 05:23:39,23850.779369483133428740,23855.712595645204408740,23842.181773042390893740,23846.178981860251568740
414,2026-04-02 05:24:39,23846.178981860251568740,23854.331560104308382340,23841.704361877266433740,23854.285737017302588740
415,2026-04-02 05:25:39,23854.285737017302588740,23855.374499487399293740,23851.022621375053408740,23851.516215368879988740
416,2026-04-02 05:26:39,23851.516215368879988740,23864.439465005155328740,23850.682957414855623740,23860.206651515423548740
417,2026-04-02 05:27:39,23860.206651515423548740,23869.070640608701148740,23860.152299394901906240,23866.504211056280908740
418,2026-04-02 05:28:39,23866.504211056280908740,23874.876224577834853740,23864.864593385655638740,23872.129796548806888740
419,2026-04-02 05:29:39,23872.129796548806888740,23875.434446588826493740,23867.009353207894218740,23871.390866307257998740
420,2026-04-02 05:30:39,23871.390866307257998740,23874.386627049830954740,23866.530028489199398740,23872.135594916593014740
421,2026-04-02 05:31:39,23872.135594916593014740,23876.488732770778499740,23866.557940226773614740,23869.005077923184674740
422,2026-04-02 05:32:39,23869.005077923184674740,23875.170621038493909740,23867.459660979201769740,23874.180967781776934740
423,2026-04-02 05:33:39,23874.180967781776934740,23876.023555656905929740,23867.403450928350579740,23870.646745576824334740
424,2026-04-02 05:34:39,23870.646745576824334740,23881.088060986291564740,23868.244146955313154740,23880.042090346124914740
425,2026-04-02 05:35:39,23880.042090346124914740,23891.501179480227174740,23877.337805043131869740,23889.817512645301094740
426,2026-04-02 05:36:39,23889.817512645301094740,23898.346604047504449740,23885.802117144131069740,23897.691445484613654740
427,2026-04-02 05:37:39,23897.691445484613654740,23901.156246020065649740,23892.653777351441609740,23894.755751655788894740
428,2026-04-02 05:38:39,23894.755751655788894740,23903.204036987481585740,23892.473281611443079740,23902.835059050859374740
429,2026-04-02 05:39:39,23902.835059050859374740,23906.392124980404959740,23901.066796768487732540,23902.671229635677802540
430,2026-04-02 05:40:39,23902.671229635677802540,23908.271406878843550040,23899.413194087991977540,23907.784308268588102540
431,2026-04-02 05:41:39,23907.784308268588102540,23911.448029210533882540,23900.777511776321262540,23903.459705805154302540
432,2026-04-02 05:42:39,23903.459705805154302540,23912.814507841977442540,23902.767020572333992540,23910.005189804362602540
433,2026-04-02 05:43:39,23910.005189804362602540,23913.018836927608892540,23908.016009737279186540,23908.115118950658914540
434,2026-04-02 05:44:39,23908.115118950658914540,23916.963991737907654540,23905.724893336056134540,23913.907827150033614540
435,2026-04-02 05:45:39,23913.907827150033614540,23918.493234065125246540,23912.387368237780019540,23914.267680372236056540
436,2026-04-02 05:46:39,23914.267680372236056540,23918.837235166615358540,23913.204919178134166540,23914.874694368277908540
437,2026-04-02 05:47:39,23914.874694368277908540,23923.462808068591448540,23912.225202891149093540,23920.616023838806808540
438,2026-04-02 05:48:39,23920.616023838806808540,23921.536129448346753540,23908.294262633795863540,23912.080494231581808540
439,2026-04-02 05:49:39,23912.080494231581808540,23915.313492189307350540,23908.096334314018533540,23913.115948286427050540
440,2026-04-02 05:50:39,23913.115948286427050540,23914.450878104870505540,23901.342031567516640540,23903.774618894688030540
441,2026-04-02 05:51:39,23903.774618894688030540,23916.376729992393620540,23902.419129629814480540,23913.538555201859350540
442,2026-04-02 05:52:39,23913.538555201859350540,23926.909578413194665540,23911.156305503638480540,23923.479591605011070540
443,2026-04-02 05:53:39,23923.479591605011070540,23933.168694550715600540,23919.605242807699830540,23932.361209975723630540
444,2026-04-02 05:54:39,23932.361209975723630540,23934.802210898977690540,23927.766098816770063540,23930.407610256414568540
445,2026-04-02 05:55:39,23930.407610256414568540,23938.890654900525898540,23929.998974308836617040,23936.072755407575768540
446,2026-04-02 05:56:39,23936.072755407575768540,23946.849613709770793540,23934.929331163842748540,23944.919750166553788540
447,2026-04-02 05:57:39,23944.919750166553788540,23949.727039313747933540,23933.373269563714533540,23937.967794694922668540
448,2026-04-02 05:58:39,23937.967794694922668540,23942.810731985518018540,23927.494167006804578540,23930.134481387275388540
449,2026-04-02 05:59:39,23930.134481387275388540,23931.187213173223188540,23919.825042337097613540,23922.568657669503448540
450,2026-04-02 06:00:39,23922.568657669503448540,23929.530014879782593540,23921.956883534768908540,23928.152507393691828540
451,2026-04-02 06:01:39,23928.152507393691828540,23930.015322028200658540,23923.307891349917133540,23924.986608654719968540
452,2026-04-02 06:02:39,23924.986608654719968540,23929.659889172604165540,23924.768618857380198540,23925.652696199553320540
453,2026-04-02 06:03:39,23925.652696199553320540,23928.257400404316000540,23918.996074713764665540,23919.791641598470260540
454,2026-04-02 06:04:39,23919.791641598470260540,23929.275827360933485540,23916.636585375124780540,23926.344478454601160540
455,2026-04-02 06:05:39,23926.344478454601160540,23928.268210752060650540,23924.692344735233192540,23925.098128041763768540
456,2026-04-02 06:06:39,23925.098128041763768540,23926.547959352167223540,23912.027842075111193540,23915.130048191701008540
457,2026-04-02 06:07:39,23915.130048191701008540,23921.687545616499793540,23914.862367832037715540,23918.640430792532988540
458,2026-04-02 06:08:39,23918.640430792532988540,23924.406030007827037540,23917.112790121283678540,23920.003373487854012540
459,2026-04-02 06:09:39,23920.003373487854012540,23925.754934675411682540,23917.008135987915092540,23921.355622271707032540
460,2026-04-02 06:10:39,23921.355622271707032540,23930.593036839548907540,23918.978367249471232540,23926.216321809317992540
461,2026-04-02 06:11:39,23926.216321809317992540,23935.595301434209177540,23921.786344720416787540,23934.770859272578132540
462,2026-04-02 06:12:39,23934.770859272578132540,23938.124232677800613040,23934.192672983832902540,23937.821157922884912540
463,2026-04-02 06:13:39,23937.821157922884912540,23939.070922324466872540,23927.861627942352302540,23931.672334462251592540
464,2026-04-02 06:14:39,23931.672334462251592540,23935.349346802266862540,23918.109759724749987540,23922.434919063204312540
465,2026-04-02 06:15:39,23922.434919063204312540,23924.058720981263807540,23911.950408258452192540,23913.826348499314012540
466,2026-04-02 06:16:39,23913.826348499314012540,23917.179607775611542540,23906.665019137628777540,23909.584224130764632540
467,2026-04-02 06:17:39,23909.584224130764632540,23910.184788163837337540,23903.919447950981223540,23908.522348426525568540
468,2026-04-02 06:18:39,23908.522348426525568540,23917.606352070628748540,23905.191955764401608540,23917.087985289789648540
469,2026-04-02 06:19:39,23917.087985289789648540,23920.955774931216428540,23906.004202275538838540,23908.464360390074648540
470,2026-04-02 06:20:39,23908.464360390074648540,23913.292820080319728540,23894.460786354942533540,23899.068666924288728540
471,2026-04-02 06:21:39,23899.068666924288728540,23901.388228389615218540,23894.731686939360348540,23897.959676113892118540
472,2026-04-02 06:22:39,23897.959676113892118540,23906.132498411988988540,23895.852769369190838540,23901.632923563771298540
473,2026-04-02 06:23:39,23901.632923563771298540,23910.459077835762353540,23900.012266021227508540,23906.533240101548398540
474,2026-04-02 06:24:39,23906.533240101548398540,23919.888814075332418540,23906.333173192726903540,23915.843628172689778540
475,2026-04-02 06:25:39,23915.843628172689778540,23926.196576059421693540,23911.473525688738243540,23923.009626559451878540
476,2026-04-02 06:26:39,23923.009626559451878540,23925.502504874254708540,23914.000856042374228540,23916.779710644287758540
477,2026-04-02 06:27:39,23916.779710644287758540,23926.785105653938318540,23915.733657516880638540,23925.386512365837718540
478,2026-04-02 06:28:39,23925.386512365837718540,23926.867156176300223540,23911.914491395891768540,23915.690642393049978540
479,2026-04-02 06:29:39,23915.690642393049978540,23921.785285729814812540,23915.384567012258033540,23916.788060579815802540
480,2026-04-02 06:30:39,23916.788060579815802540,23919.706541467321252540,23909.751113173435862540,23911.186398286924782540
481,2026-04-02 06:31:39,23911.186398286924782540,23914.470228485050612540,23909.765093575587902540,23913.658510983762462540
482,2026-04-02 06:32:39,23913.658510983762462540,23923.437708638812177540,23912.301060109073682540,23920.469814785974842540
483,2026-04-02 06:33:39,23920.469814785974842540,23922.399360282532472540,23912.734268371823257540,23914.858495441665062540
484,2026-04-02 06:34:39,23914.858495441665062540,23926.649019199725597540,23910.431073899581487540,23923.934629426307222540
485,2026-04-02 06:35:39,23923.934629426307222540,23926.341563482462107540,23917.573441098245417540,23919.128819228675482540
486,2026-04-02 06:36:39,23919.128819228675482540,23927.090063114692378040,23916.797401947806197540,23926.740153495566882540
487,2026-04-02 06:37:39,23926.740153495566882540,23936.982886962118862540,23925.365242168942937540,23932.581314208256582540
488,2026-04-02 06:38:39,23932.581314208256582540,23941.805904461911733040,23929.151447806112102540,23941.306528258745702540
489,2026-04-02 06:39:39,23941.306528258745702540,23947.700557817099762540,23940.467610603881717540,23945.553838026501982540
490,2026-04-02 06:40:39,23945.553838026501982540,23954.005148051774562540,23941.051488328283302540,23953.361190735996222540
491,2026-04-02 06:41:39,23953.361190735996222540,23955.986685443663257540,23949.557159344925057540,23950.564516191633562540
492,2026-04-02 06:42:39,23950.564516191633562540,23952.274085035209487540,23938.072537506498552540,23941.306005907853042540
493,2026-04-02 06:43:39,23941.306005907853042540,23946.509728343928934540,23941.086950260720564040,23946.421054697791502540
494,2026-04-02 06:44:39,23946.421054697791502540,23953.317011992128932540,23945.857721879546297540,23948.471661134842522540
495,2026-04-02 06:45:39,23948.471661134842522540,23953.354328069069472540,23937.405967748447197540,23941.090171263129422540
496,2026-04-02 06:46:39,23941.090171263129422540,23944.867656319340422540,23933.490987850115982540,23937.564697604423602540
497,2026-04-02 06:47:39,23937.564697604423602540,23940.936218584392212540,23931.800473540462665540,23936.447789071336180540
498,2026-04-02 06:48:39,23936.447789071336180540,23940.485715719631632540,23932.930880937693010540,23938.346421471026812540
499,2026-04-02 06:49:39,23938.346421471026812540,23941.783146132613957540,23928.275575320364594540,23928.587916618486712540
500,2026-04-02 06:50:39,23928.587916618486712540,23931.194668363870314540,23927.766742556247157540,23930.553669855256294540
501,2026-04-02 06:51:39,23930.553669855256294540,23932.199001841805294540,23921.342214553776184540,23922.627802734555474540
502,2026-04-02 06:52:39,23922.627802734555474540,23926.083514353299178540,23922.538907668804131040,23923.115312221047968540
503,2026-04-02 06:53:39,23923.115312221047968540,23927.908746024085443540,23922.417947008469008540,23926.795571002548248540
504,2026-04-02 06:54:39,23926.795571002548248540,23930.707281288088778540,23926.534335029560185040,23930.083209918850548540
505,2026-04-02 06:55:39,23930.083209918850548540,23931.030848487760218540,23923.976434557221912540,23928.532656453797782540
506,2026-04-02 06:56:39,23928.532656453797782540,23932.559332434348332540,23921.162261218373662540,23921.778970487312742540
507,2026-04-02 06:57:39,23921.778970487312742540,23932.704817893777307540,23918.409735752925962540,23930.761622037161782540
508,2026-04-02 06:58:39,23930.761622037161782540,23932.992687347807197540,23925.550017303577512540,23927.822453639387242540
509,2026-04-02 06:59:39,23927.822453639387242540,23941.068763572754577540,23927.336253180325027540,23937.242590308767902540
510,2026-04-02 07:00:39,23937.242590308767902540,23937.367588950957795540,23933.931540979040458940,23937.204385161029238940
511,2026-04-02 07:01:39,23937.204385161029238940,23939.676217462250946940,23932.756710023505828940,23938.888893573958726940
512,2026-04-02 07:02:39,23938.888893573958726940,23948.974538302968386940,23935.688874703221316940,23946.480419913530426940
513,2026-04-02 07:03:39,23946.480419913530426940,23956.624148623842686940,23944.565955111554686940,23953.591398463394086940
514,2026-04-02 07:04:39,23953.591398463394086940,23961.171199149066081940,23950.927088428720281940,23957.972632259117606940
515,2026-04-02 07:05:39,23957.972632259117606940,23965.376873563684796940,23955.225182648387231940,23961.478010426032226940
516,2026-04-02 07:06:39,23961.478010426032226940,23969.884625123759896940,23960.286354746337076940,23969.022328657574046940
517,2026-04-02 07:07:39,23969.022328657574046940,23979.113868884329501940,23964.612279976537456940,23974.865073605843266940
518,2026-04-02 07:08:39,23974.865073605843266940,23986.893377144305566940,23971.167270953844771940,23983.647601722575426940
519,2026-04-02 07:09:39,23983.647601722575426940,23987.400927041843851940,23979.041092358082931340,23983.455359033986516340
520,2026-04-02 07:10:39,23983.455359033986516340,23992.274809618142696340,23979.313330165721986340,23989.507966413864736340
521,2026-04-02 07:11:39,23989.507966413864736340,23998.848360822930991340,23988.519790034517436340,23997.918744840621256340
522,2026-04-02 07:12:39,23997.918744840621256340,23998.319527466464460340,23992.780081482035968340,23997.616828962981978340
523,2026-04-02 07:13:39,23997.616828962981978340,24000.331309011825863340,23987.417552125368888340,23990.871072304840598340
524,2026-04-02 07:14:39,23990.871072304840598340,23992.404906175753423340,23985.301958588092468340,23986.295884408194418340
525,2026-04-02 07:15:39,23986.295884408194418340,23992.255216714579158340,23982.551255441527368340,23991.104862276047778340
526,2026-04-02 07:16:39,23991.104862276047778340,23994.493725634875488340,23980.592358901906833340,23983.924561074899678340
527,2026-04-02 07:17:39,23983.924561074899678340,23992.493462584676808840,23980.960684277098853340,23992.024507975217098340
528,2026-04-02 07:18:39,23992.024507975217098340,24002.732449568683388340,23991.148304611513438340,23999.202687092685358340
529,2026-04-02 07:19:39,23999.202687092685358340,24007.879364170543453340,23996.661138626123273340,24004.653869096494118340
530,2026-04-02 07:20:39,24004.653869096494118340,24006.599811353534273340,23993.912565968424243340,23997.653359038593778340
531,2026-04-02 07:21:39,23997.653359038593778340,24003.060960610425439340,23997.387452082423135840,24002.796367817929078340
532,2026-04-02 07:22:39,24002.796367817929078340,24007.878725395015670340,24000.527416910290338340,24003.886111552773920340
533,2026-04-02 07:23:39,24003.886111552773920340,24004.837935063912395340,23997.092565662270575340,24000.590646174079940340
534,2026-04-02 07:24:39,24000.590646174079940340,24005.805973415638208340,23997.442829756737975340,24002.233454693217408340
535,2026-04-02 07:25:39,24002.233454693217408340,24005.790479905340014340,23999.518493285643998340,24003.185996694111164340
536,2026-04-02 07:26:39,24003.185996694111164340,24007.843875700069444340,24001.090575710912404340,24006.850488137849744340
537,2026-04-02 07:27:39,24006.850488137849744340,24018.410197507315319340,24006.486026177409027340,24016.663182879175524340
538,2026-04-02 07:28:39,24016.663182879175524340,24021.151347999065724340,24008.693552296000234340,24010.991440890818484340
539,2026-04-02 07:29:39,24010.991440890818484340,24011.299590718140545340,24003.304195666361599340,24005.704049172673304340
540,2026-04-02 07:30:39,24005.704049172673304340,24009.265774702311294340,23993.976653683454014340,23996.151941235247884340
541,2026-04-02 07:31:39,23996.151941235247884340,23996.215629585187621840,23994.564199500979860340,23995.332737292783590340
542,2026-04-02 07:32:39,23995.332737292783590340,24006.754096560996920340,23994.063496214367125340,24004.183645729992290340
543,2026-04-02 07:33:39,24004.183645729992290340,24005.113454263244420340,23994.937980589427885340,23997.095721185717510340
544,2026-04-02 07:34:39,23997.095721185717510340,24001.124512230103980340,23990.561393574141515340,23992.998433421830750340
545,2026-04-02 07:35:39,23992.998433421830750340,24003.949204661859660340,23991.101997534791840340,24002.334920066564670340
546,2026-04-02 07:36:39,24002.334920066564670340,24013.155570867543740340,24001.409640801795490340,24011.599161588400110340
547,2026-04-02 07:37:39,24011.599161588400110340,24014.690802052938657340,24009.367054076570475340,24014.244129412921110340
548,2026-04-02 07:38:39,24014.244129412921110340,24015.040828213114580340,24005.829711717474053840,24006.028639346374410340
549,2026-04-02 07:39:39,24006.028639346374410340,24012.237651477212775340,24005.252211673768250340,24009.533963785289690340
550,2026-04-02 07:40:39,24009.533963785289690340,24013.000321093946765340,24005.849499770370000340,24011.406037230699260340
551,2026-04-02 07:41:39,24011.406037230699260340,24022.446587475690260340,24009.015939249198775340,24020.882426836007400340
552,2026-04-02 07:42:39,24020.882426836007400340,24021.497929951407840340,24012.664768303588320340,24016.173598676069380340
553,2026-04-02 07:43:39,24016.173598676069380340,24019.199007066990645340,24015.656680797998105690,24015.690713178222326340
554,2026-04-02 07:44:39,24015.690713178222326340,24018.378817175225661340,24011.410015465882534340,24011.473594494850106340
555,2026-04-02 07:45:39,24011.473594494850106340,24024.701811668789776340,24008.755370911096781340,24021.224316042486646340
556,2026-04-02 07:46:39,24021.224316042486646340,24024.181947335219838340,24018.350435517891436340,24022.934004493492578340
557,2026-04-02 07:47:39,24022.934004493492578340,24024.296096183497423340,24010.788074776431508340,24014.539815324609938340
558,2026-04-02 07:48:39,24014.539815324609938340,24016.490546384123333340,24007.323059401159593340,24010.438112290780038340
559,2026-04-02 07:49:39,24010.438112290780038340,24022.059903981657583340,24006.171122741033773340,24020.210832450636978340
560,2026-04-02 07:50:39,24020.210832450636978340,24021.547228450210333340,24007.622509963168933340,24012.489273102250478340
561,2026-04-02 07:51:39,24012.489273102250478340,24015.249273604829393340,24000.125002055487073340,24004.460526725491698340
562,2026-04-02 07:52:39,24004.460526725491698340,24009.960213708672718340,24001.995896320788083340,24008.353633050971438340
563,2026-04-02 07:53:39,24008.353633050971438340,24011.864961752139423340,23997.542619035831888340,23998.541400515726438340
564,2026-04-02 07:54:39,23998.541400515726438340,24004.528604328878463340,23995.010399627504073340,24002.091822573957838340
565,2026-04-02 07:55:39,24002.091822573957838340,24003.807344200931138340,23992.898241469123468340,23995.656810112137678340
566,2026-04-02 07:56:39,23995.656810112137678340,23996.165257208591868340,23992.011720869695590340,23994.330924043585930340
567,2026-04-02 07:57:39,23994.330924043585930340,23994.779833040563265840,23992.797995373978231940,23994.253740224174056940
568,2026-04-02 07:58:39,23994.253740224174056940,23998.430494469790903940,23994.021548050931398440,23995.863928816217848940
569,2026-04-02 07:59:39,23995.863928816217848940,24008.989345842967398940,23991.250499236048383940,24005.594822683182888940
570,2026-04-02 08:00:39,24005.594822683182888940,24014.074615970754308940,24001.828391098803053940,24012.695003050703048940
571,2026-04-02 08:01:39,24012.695003050703048940,24021.472034804277093940,24011.005990659355138940,24019.662366341642228940
572,2026-04-02 08:02:39,24019.662366341642228940,24020.615273264988873940,24005.403339811788528940,24010.331443306212948940
573,2026-04-02 08:03:39,24010.331443306212948940,24011.795847111752148940,24001.372745773462893940,24003.243660742064748940
574,2026-04-02 08:04:39,24003.243660742064748940,24006.124140988627483940,23991.521419317704313940,23994.258033458263588940
575,2026-04-02 08:05:39,23994.258033458263588940,23996.271880651485078940,23987.833119701982028940,23991.758429637066248940
576,2026-04-02 08:06:39,23991.758429637066248940,23992.341756994063813940,23982.406178844350435440,23982.641388276890528940
577,2026-04-02 08:07:39,23982.641388276890528940,23985.416039833992698940,23972.726700828749033940,23974.067325263315448940
578,2026-04-02 08:08:39,23974.067325263315448940,23977.156231381071788940,23970.970983764143128940,23971.858470766739148940
579,2026-04-02 08:09:39,23971.858470766739148940,23978.092810180081383940,23971.665035917733288440,23975.502543922282028940
580,2026-04-02 08:10:39,23975.502543922282028940,23985.456427023958563940,23972.290486424365258940,23981.915873909329888940
581,2026-04-02 08:11:39,23981.915873909329888940,23984.092573981775192940,23979.784158128213163940,23983.320677207466482940
582,2026-04-02 08:12:39,23983.320677207466482940,23987.466441899289532940,23981.622963497239566940,23982.250076789525326940
583,2026-04-02 08:13:39,23982.250076789525326940,23982.974054432927611940,23978.855416073396486940,23979.618030777023146940
584,2026-04-02 08:14:39,23979.618030777023146940,23982.380365495281421940,23975.573987486108156940,23980.939891371382306940
585,2026-04-02 08:15:39,23980.939891371382306940,23983.167002237479626940,23970.164615442121646940,23972.733044192536246940
586,2026-04-02 08:16:39,23972.733044192536246940,23978.637015134392731940,23972.180325732184681940,23977.609567031082446940
587,2026-04-02 08:17:39,23977.609567031082446940,23982.321550837867636940,23970.025900180929241940,23972.837095983716186940
588,2026-04-02 08:18:39,23972.837095983716186940,23984.268537419507476940,23969.232134620767096940,23980.349976574233666940
589,2026-04-02 08:19:39,23980.349976574233666940,23982.644031021112536940,23976.332442828608828940,23980.053205173487348940
590,2026-04-02 08:20:39,23980.053205173487348940,23981.809456125744308940,23969.896666062947618940,23973.259306728494908940
591,2026-04-02 08:21:39,23973.259306728494908940,23983.822703172370133940,23970.335456037584383940,23982.197981310169148940
592,2026-04-02 08:22:39,23982.197981310169148940,23989.235803547425053940,23980.089397837915123940,23986.833411192909488940
593,2026-04-02 08:23:39,23986.833411192909488940,23991.476160342095443940,23976.384922129281248940,23979.253004630679688940
594,2026-04-02 08:24:39,23979.253004630679688940,23985.824542364955163940,23974.393654917084408940,23982.445791201873548940
595,2026-04-02 08:25:39,23982.445791201873548940,23992.862189215543728940,23981.111613768670493940,23990.336170117527288940
596,2026-04-02 08:26:39,23990.336170117527288940,23991.835668288094728940,23988.660699440473982940,23989.522494692133002940
597,2026-04-02 08:27:39,23989.522494692133002940,23997.490615280107847940,23987.959676537643932940,23992.798727700858682940
598,2026-04-02 08:28:39,23992.798727700858682940,24004.158043514079412940,23988.970158393015192940,24001.361593255475882940
599,2026-04-02 08:29:39,24001.361593255475882940,24004.834573932380662940,23991.111704106960282940,23992.965040035995182940
